,loss,total_reward
0,0.0,-204.6191224199477
1,44.128318246020825,-139.10594158668718
2,81.26176761071893,-123.03589074145664
3,79.97105756315213,-133.97971784961737
4,55.808362926755635,-85.35288417678429
5,69.90800939202309,-80.54486328519327
6,57.278545436605945,-208.54653397496548
7,66.4597397085096,-205.1116512767112
8,52.17237476706505,-74.1142418799561
9,52.72540524290569,-110.79476358877007
10,65.08766706983248,37.82664637485996
11,96.63746884171393,-189.85574038346368
12,91.21689691126926,-103.39424506523699
13,67.87566231292428,-74.38286286875231
14,69.34509859606624,-58.366928901158424
15,73.91682163673111,-107.05669093556072
16,66.13357918523252,-173.42689437786794
17,53.51448412168594,-95.91235070893816
18,57.42340390295045,-295.7028617869664
19,48.54344380718388,-68.4271581198221
20,52.73782547314962,-49.13082298894628
21,53.43375665208568,-161.82619150193798
22,51.40535401575493,-243.5857459392024
23,51.269143178865505,-111.88010696090284
24,52.369430239461046,-102.79237522603222
25,53.000341185817014,-61.39655606358968
26,54.52739143130755,-119.10666703747486
27,53.1645739004784,-330.66254794607596
28,55.43815605845673,-271.8987240966209
29,55.4102225860992,-24.536695939772116
30,50.01200586802339,-220.62799521803188
31,45.25982603606056,-72.23388705272808
32,51.1893644440443,-97.70677676333405
33,51.69459310071222,-125.79650696061253
34,58.781573887794245,-107.40723673655945
35,48.26420342082709,-102.67650912691039
36,45.034701183035565,-112.57807612906393
37,46.825007330986764,-60.683586612156596
38,50.45523875709472,-89.1570557512217
39,48.94487613677978,-155.56504316333815
40,51.81226790384813,-78.47295042842038
41,45.31095404757394,-112.5453296093022
42,51.295673376321794,-145.98197169014574
43,45.9931998722481,-86.9730118425629
44,60.33166384493184,-285.7694231348089
45,62.71444080357856,-113.91045393508408
46,54.823295478951444,-130.9539043955212
47,53.491486268384115,-96.73189159443463
48,56.86860603801275,-131.85523966488975
49,61.168965394399606,-88.7095365284002
50,51.665828537373315,-200.24953721060547
51,52.04106293226543,-151.04135750181092
52,49.63957717642188,-114.29683099649934
53,48.36900657582506,-84.87913586192401
54,53.217824501650675,-20.771838429592734
55,51.70424145692355,-177.91865260933264
56,52.71003462870916,-178.34471391422213
57,47.60699808737811,-95.25972956836911
58,44.204959650629576,-94.57210737173074
59,49.286114627188375,-0.9281343617015523
60,56.87323122918606,-142.23832395735803
61,49.861240768432616,-342.17845665585804
62,46.72799212910304,-127.11032099687822
63,50.601708913164515,-110.35868495130443
64,60.50265461136313,-69.63109394202749
65,54.79325037487482,-156.47389445640624
66,52.13184850356158,-58.927359490210506
67,51.025360428925715,-93.6748630911632
68,51.26938062349955,-53.6661077580564
69,57.19165005864976,-109.31752539204572
70,47.079816592367074,-106.30625756320705
71,45.93617824614048,-104.29187433107211
72,52.94527829181953,-295.28453670996964
73,43.43092193855689,-12.266048100571012
74,40.45528022841652,-134.20948538643705
75,46.51114734852314,101.75474113766337
76,48.99692725288797,-51.35503455982054
77,46.887591249412964,-106.24138163208634
78,35.69422733452585,-97.85653917407211
79,36.20929571659896,-207.27099994786988
80,40.85718232652415,-52.72947663438596
81,39.93944422648503,-38.6063319449092
82,40.405861997962894,-118.29405341036227
83,42.82341672844357,-72.21387714704719
84,42.3657550375636,-85.79116175707982
85,37.79287287839659,-59.57952878949748
86,40.38790378570557,-125.8827103198314
87,41.16925525970948,-95.55602369955459
88,40.93443361261617,-153.88464388429915
89,39.20024384095751,-143.5945456834071
90,39.27728503217142,-257.30292687951817
91,39.03976152671708,-177.79679789888172
92,43.81626245100721,-76.84294993834737
93,38.766959208866645,-73.72651884725572
94,40.33656797938877,-124.06852021794714
95,37.251434564590454,-123.03447345000913
96,41.48847770087327,-79.12163918378496
97,34.79113483100102,-112.85179046219808
98,40.24797558103289,-266.6398703306831
99,37.95940261100655,-174.28523947699773
100,40.11539909153274,-130.78416339212163
101,42.733509689796975,-150.23782387980546
102,40.45736551953253,-192.91953564323288
103,33.60419280065907,-108.47752606211385
104,37.17464333261762,-9.846335216921034
105,34.09250920523104,-58.63466003585455
106,49.05898260831833,-86.312223463088
107,31.148785954866653,-79.0842544575438
108,35.6332243972725,-64.78521779670841
109,35.74879754411763,-387.8918746176415
110,33.478607059265514,-151.58281783179154
111,32.66638043815014,-139.69877667357554
112,34.22693767267115,22.930255426034677
113,30.662236629110396,-99.50371487953853
114,30.632785848298,-191.81935948163576
115,30.568941833559148,-113.59109700089877
116,31.767583178071416,-78.74260460672073
117,26.744439743212517,-248.17644190504168
118,31.88838974514393,-60.632450834360675
119,31.99134492757844,-153.89430118462286
120,26.509433448871718,-181.62461618719655
121,33.7302014932913,-122.50202367871559
122,28.89041282465825,-130.08076902147513
123,22.98591586561298,-164.5530552953748
124,19.042700741026138,-107.2066339948271
125,22.543680349206614,-100.92726220794034
126,22.31060022418782,-73.0133184486894
127,21.844502269798983,25.903310523374785
128,24.92653211116791,-90.03698351602968
129,25.01001594183875,-86.87449828238681
130,23.851702109361305,-34.17279661898792
131,20.635166027867204,-100.04596782343694
132,21.861567267411047,-144.7342185514887
133,18.264198215471374,-64.9918305019494
134,22.850948456845252,-25.050452015939058
135,18.60226806880921,3.8719609239118427
136,18.776461477577687,-162.07307494072074
137,17.31600498623318,-94.75867055083111
138,20.593276780843734,-240.8834939681695
139,18.639145135879517,-146.66418413465104
140,18.669764948042133,-100.40017763839768
141,22.075865189907915,-58.19722592446128
142,20.3337660987153,-44.09741518131179
143,22.680160452061752,-177.36810168875866
144,19.37010777194197,-110.9953509118171
145,22.093454926794024,-140.6261806531424
146,18.707448133532864,-88.12276144852078
147,23.05808445436512,-26.314950282552914
148,19.464288578879447,-154.34594442625195
149,20.077781774047622,-328.78547833668995
150,21.243674512235273,-104.45398972287322
151,21.913077829080983,-51.98963142005398
152,19.471109123917312,-50.842623996974964
153,21.09527933679778,-57.23038903689281
154,19.202094690274382,-50.26537233339566
155,20.84160724726129,0.9804987554477123
156,21.611097517678903,-262.1012727848388
157,22.425290767963116,-73.49687510963199
158,23.178412183275764,-30.32902379810818
159,24.912644770741462,-5.144104096794024
160,18.05504504345559,-37.16840980462773
161,20.0313008706291,-10.651968858015834
162,18.785671310815196,-27.810063876442555
163,23.91658089423584,-48.62958715577825
164,21.092798045873643,92.01746746319256
165,18.56485430686828,-19.75804189222471
166,22.70771326950128,-143.58714359428626
167,21.422680264637794,-55.87327096706406
168,21.209206577950873,-324.2314972350189
169,18.80918426846349,-26.260444849031032
170,18.777353684705,-51.15673523285551
171,20.073524239016514,-33.15057803613912
172,20.156218077095463,-27.73257602446232
173,16.399797398111094,-106.96724201407106
174,20.8178388270703,-53.23250756891174
175,19.110780951417524,-79.46400501395392
176,19.420963380754607,65.88776602129013
177,18.668945133566858,14.948040523302998
178,16.291352203914098,-51.06663120706005
179,16.04448868303883,-146.93451301060253
180,16.043204570391094,-30.62632406413279
181,15.607259365558624,82.58835119238319
182,15.01321453061597,-3.5880401653753182
183,14.360515079021454,12.210756444625245
184,12.502972018523295,-64.72382031931018
185,14.3651404159748,-60.076260362938605
186,14.136644815912051,-322.4418293165145
187,12.97337575507164,72.97837011563429
188,11.336057722330093,8.305230718028534
189,10.255448007583619,-166.1402443052882
190,10.849352030754089,-1.6351878716705812
191,10.222976870897437,-170.49487377820012
192,10.824053080355535,-54.42884714283924
193,10.047046538901656,-53.47791949974776
194,10.854916100700697,-28.33066072116351
195,9.313898575770391,23.491065436168668
196,9.864443309250332,-108.50298504987101
197,8.630572274975155,-149.054175098936
198,9.039598427549766,-211.53916994447056
199,9.501055576862433,-10.92594401469701
200,9.34646414594108,-2.6974024296524703
201,8.224440136790276,1.3587604077557316
202,7.736618192572343,-20.077431322726568
203,8.102765411546786,38.42711554650785
204,7.095086730701823,-41.021666922527466
205,7.881637044693237,-101.3136188087961
206,6.857006630011364,-59.72561416698203
207,7.072456443428993,9.234626055960012
208,5.831170949980478,-96.0303264715232
209,6.920906809873359,-49.90303990030492
210,6.9872751250153495,-195.9439664475591
211,5.913710376930974,-233.555687426184
212,6.370662668279109,-18.21246977884074
213,5.899907485383456,-86.77147594058289
214,5.998436855851558,-66.40045096867959
215,5.722094516444012,-29.70946899481774
216,6.338406759097164,-26.04537867229071
217,6.730308781337141,-137.6711210893057
218,6.840729735732078,-11.820125261598218
219,6.760884866891084,-38.89535119196812
220,6.5853015142079645,43.06101183345666
221,7.471674841049819,-56.917832406631234
222,7.3868756994009015,-4.998091046920139
223,7.2470354411454325,-45.494179124542256
224,7.105921343922615,-29.581685468965475
225,8.383119912505839,-195.26494216627037
226,8.062757236719131,-3.768298744393422
227,7.7076771876533625,-20.404690079431802
228,7.768072841048241,26.544996893335334
229,7.0369549422264095,54.94565856699752
230,7.80891594963689,-14.339730071765345
231,7.463728286200501,-97.11417481262255
232,8.161387597799301,61.82867767915957
233,7.990731708313289,-38.63551390208572
234,7.559171341083668,65.91482111193412
235,8.06406908957556,-304.73939699034725
236,8.569200843334198,122.69898096159869
237,8.029849452670343,-73.79886078147891
238,6.958336166024208,50.92534302588545
239,6.600113114237785,82.88031640237928
240,6.0629216711521146,39.55658867095511
241,5.462078389848114,-183.91164257117424
242,6.182360408652542,-58.48051345170353
243,6.742266534618214,-41.43629907690476
244,6.264324242115021,-83.44600883646326
245,5.277414038896561,74.09251549324667
246,3.6532095216569447,-31.3521721653223
247,5.289747020721435,70.8764006813889
248,4.584720810777263,-49.62365805718812
249,4.869016192461315,-80.39593571093718
250,4.867543149222597,-95.75986905975005
251,4.389994927883148,50.25338703189351
252,5.516469474566185,-129.54337387104752
253,5.445244640876085,-188.54850841020644
254,5.063072616269129,-56.31304497158269
255,4.606061737179756,47.84787294561624
256,4.667847947070473,30.25569601309843
257,5.238960893392563,134.36729980587907
258,4.674612369524449,-291.0923858461756
259,5.409355362534523,29.37147033769655
260,4.079890738427639,71.16066548104331
261,3.3684717378308697,-154.67285859710486
262,9.790528005125832,-3.2974036945819165
263,6.632126549470056,-7.781897115223032
264,6.767726221988941,-34.91239152904518
265,6.508342507130959,-55.77144847114195
266,6.703600502308504,2.424255429732966
267,6.103674644312891,-93.72343440876996
268,7.612384278634015,-25.088821605606057
269,6.938909795213852,4.104321826543213
270,6.58503678364986,-101.69011070305721
271,6.648927853247265,-146.60637774699813
272,6.863303848266602,101.88973261142768
273,7.334019958972931,-54.061806119241
274,5.971890866458416,120.781818941377
275,5.220211716492971,7.199863865310675
276,4.834670297801495,57.19502815158137
277,4.575105452962838,-231.19207509285684
278,5.338759963035583,34.903718502719244
279,3.8611984288692476,35.09677257662719
280,5.500974488854408,112.20529843640205
281,4.781016170322895,87.81733054062522
282,4.191312306940556,46.69684224244543
283,3.462381113708019,53.436796509754195
284,3.2827129206061363,73.28207461560389
285,2.772706304013729,97.82558197695519
286,2.719839804291725,-54.65375687958922
287,2.4509227737188337,16.469008230214186
288,2.2816873111724854,-87.9720604454988
289,2.105512607949121,-61.404872023543675
290,2.4357541313408113,41.3345867631071
291,2.3328736535310743,-69.77621775630736
292,1.9641841897986119,216.18494823795496
293,3.9044745203852655,-53.39930114445152
294,3.112314730167389,130.2737543114289
295,3.4689942418336868,-58.607790046198545
296,3.829135174155235,-1.9326651552336218
297,2.3271209691166876,-35.893675005878535
298,3.0457398032546044,59.099016957507
299,2.4534260615706445,32.32206863606623
300,2.054610334932804,86.6895963269626
301,3.4024856720566747,-23.913323592918296
302,2.4680845865905283,-42.21045433418958
303,0.9810743104815484,106.89820465856452
304,1.0765249172747136,88.4775460753582
305,1.0198016187846661,-27.149840486978736
306,1.0629173928805868,241.71227364126526
307,1.8380394480419273,212.79548712874134
308,3.7062089260816573,106.64937146387265
309,3.4306170437932013,129.3745055666004
310,4.308674133002758,-20.45465693388771
311,3.845461570560932,33.69200830039559
312,3.4509250595271586,156.44487658082826
313,2.940380180120468,107.17934722522497
314,4.3518500504791735,97.78963160074794
315,4.71543245129832,151.50909566244835
316,6.446666240543127,11.645724442868161
317,3.6148313553631306,148.77093453036423
318,1.8511440073077388,-32.208134587900545
319,4.858069234352181,1.4881160666962074
320,4.3290674631893635,89.70389012829342
321,4.5308139750361445,77.64048961574404
322,5.341088458806277,56.18777946289649
323,3.4320410307049753,-35.0063059422021
324,4.012348730792035,97.9757614590178
325,5.844437075152354,180.41673415330536
326,7.082123165816069,119.521497233465
327,7.3187967797308735,-23.48117807189982
328,7.711715296834707,132.4105602684661
329,5.982989531276481,291.9718606360236
330,7.323059897571802,66.87972305549494
331,5.849932295322418,68.82793088252468
332,5.902764215434299,255.0489669106356
333,6.646185615032912,60.09011245581732
334,7.793828838571496,222.00772056485755
335,8.294145118154768,225.38203247958998
336,9.980153731209166,-119.4138874202668
337,12.106981015334336,-64.07788624536585
338,13.262426464153188,36.095409074712904
339,12.52887728284387,192.25049833854945
340,11.614334655725038,-64.66709037356462
341,11.050828431276667,-7.168887359973169
342,11.353155996701489,-31.147189837531485
343,12.283648658449911,221.29087821327286
344,8.647660300538346,0.824616782045581
345,12.323179413874945,-13.614384756706585
346,13.730145790028672,205.5794774544858
347,14.6509136291017,-254.72613389156734
348,18.24196512536083,213.61407175275644
349,15.016998724372764,231.46487557130428
350,15.135759170921531,186.06878516338014
351,14.948278728211038,-50.58280612020796
352,14.790882983044082,30.186396832578453
353,19.792045037177477,-142.76369079521766
354,17.523432125542556,254.33027744874155
355,15.94780301935268,-115.13047474737539
356,17.94810493243696,217.82253890843876
357,17.789724987993637,217.3819614776071
358,21.182840110755127,276.0603442350823
359,20.30491994535923,125.65171331890974
360,18.08485832006212,-12.568400619094575
361,18.695319697411374,258.96022428782817
362,19.53679303616285,85.98402650655859
363,15.654728824019433,106.32972218589337
364,16.979264495932327,-73.15757190627863
365,14.51717250357127,-19.80725801606316
366,9.932786773941288,7.244714360547249
367,10.784849611635437,236.93021642725913
368,13.470708561240485,-76.15908361806173
369,14.710647521823645,71.18410794256347
370,14.191706889403795,175.8784869280808
371,12.317428422834716,205.0003181716291
372,12.58165136149163,198.63654427497704
373,12.696555543012336,235.8691548785318
374,12.76329598150083,-39.31465946007087
375,13.978265503342723,251.15455434193885
376,15.01638613698851,227.7665675107525
377,13.242514032900333,-25.965003380386573
378,16.18856154317151,215.84326824688407
379,14.53605265191812,210.84726007701244
380,13.983151914775371,115.28518155648138
381,21.44684628263498,-9.193361557965162
382,13.282586847336924,250.8790719254265
383,19.005492218309065,192.4081606133144
384,17.91022780623875,215.28536027820869
385,12.00916086120167,-32.41761223487805
386,18.171746671676637,248.77500901124765
387,13.816336159433785,227.0258590989618
388,20.542228961509206,-72.34830530341156
389,20.257361264502414,253.3472380258615
390,23.720437957633354,214.95951425935522
391,22.36503709120942,222.7784692559863
392,28.772465757879555,-12.496440565579164
393,19.998434063758744,253.60391091487404
394,20.24278190218169,278.1643425273853
395,21.486529015779496,93.93297857876985
396,18.918286253128024,247.2348075751526
397,18.458536050181774,177.8537765629592
398,23.541919289384268,247.00382039767533
399,22.979085484823635,203.37711614668157
400,24.51734832373716,226.09677752234555
401,22.820454557691765,-50.835193343725244
402,16.945477382302453,203.33416090165954
403,22.574978032875595,216.15274855056194
404,18.4997185847976,-46.87896255956993
405,25.365516678528028,245.97456193376595
406,24.04831667947769,-24.053136772575414
407,22.889446719118528,205.25831258224082
408,20.0865910390149,-64.01242235194701
409,20.531374583261435,144.44142828957973
410,21.217969205570398,222.13522414201384
411,19.029803215041017,233.28695595407845
412,19.84966355276108,130.2630215575756
413,18.28970783301608,223.59119877576984
414,19.351976953968613,230.43136232818344
415,20.778897053458625,-26.444485317272026
416,19.3974021460912,-21.653035759447178
417,20.801512334130557,220.3724096447495
418,21.974336466014385,156.65211456004778
419,19.832653065395963,241.27016834555013
420,23.111177117757077,-41.71060330168041
421,24.88455903061485,258.35380354512426
422,20.42886901355637,-340.70812009964527
423,17.175366498659713,240.77557169960534
424,20.119529254808775,286.346695669762
425,15.655840278852104,-44.88212277447771
426,26.842169684222622,-16.539943814056244
427,21.860341653523857,257.8383889997094
428,24.114264222764476,223.97302483847412
429,30.433506202985004,-3.5678081924922225
430,25.026858614060124,240.1643078886292
431,25.973985557340914,271.5764431730717
432,33.04664035053814,-31.888197849666923
433,21.607828079018653,289.7075233363598
434,22.952136512894498,261.04047634107087
435,23.850670677700123,241.49995409799365
436,24.136976494600898,236.91711735201503
437,29.18037258817545,241.96727476938477
438,27.802611670806368,-9.951707881706724
439,29.43316274167535,239.69355082690228
440,24.517166158238663,235.71014558539372
441,27.526909211937237,178.06097988028375
442,23.964203498147903,249.35538310979894
443,23.74265638023615,125.713198710153
444,26.846078708855032,221.43878120845156
445,26.013474957780403,-0.8191439074574163
446,29.407870024442673,249.07363102207333
447,22.45314858678509,195.7553687400508
448,26.623436268647513,220.60131073581036
449,28.884600063316693,-298.2089526852363
450,22.631999476169185,246.67002514384805
451,26.921020005731023,266.566918550442
452,29.350745092881354,-126.65731578328325
453,27.796263872818788,196.11945177921285
454,35.35785494744778,274.36185385082354
455,26.34355539174899,239.77418377602928
456,29.237517060585393,-36.10026531451585
457,21.220772757852004,306.6207613734833
458,27.842763858040176,270.4119861539291
459,23.795437705331516,226.93626883955582
460,26.69046454289581,268.11206836908366
461,23.748949370384217,109.54805842847217
462,24.11898641505938,23.29309031356081
463,30.7368518744957,269.64809651881603
464,22.16493905311937,218.24681500285814
465,25.83214013308895,212.22676768437333
466,27.488812768303998,-129.59985857278457
467,21.011817835502743,271.96190522641933
468,29.503734062196116,260.55224902062906
469,29.62652650493564,-86.54662369513107
470,25.638625210915563,249.51059009609077
471,26.393107702409413,233.28927675732683
472,25.42744025021545,-10.135492562837015
473,26.33657093895109,18.43816365632577
474,27.156806731765922,222.82512075438012
475,27.8946305477903,213.77401206757685
476,34.283416195143865,207.42759531096704
477,27.478862411830526,190.41463387720023
478,27.178358169060754,235.59809874002588
479,27.420571093908464,235.83297220587843
480,30.82363538316318,228.62522208342722
481,30.56368769986042,255.50931138898162
482,26.899984734923873,262.0759550571597
483,29.362524370748208,260.41604441426784
484,32.19618184022953,31.251087515706445
485,30.950479717620837,278.77673244118125
486,30.300327829788067,265.96056197050143
487,26.175511108871312,258.4552074113035
488,29.561652285600232,202.7058576198595
489,34.15192305257446,6.285784486189101
490,29.75416521920098,230.72006413663675
491,31.783526359235537,-55.117289414489655
492,25.935670751172143,280.3632119493256
493,24.709312318539133,8.389273191434867
494,30.19179319271811,248.15246000191146
495,29.02037477627641,137.57902672717358
496,26.54421636215726,260.87640515894986
497,31.074162058234215,-39.900998645109226
498,30.38658741011529,263.54125894668607
499,25.447547359599007,67.77411818900464
500,32.91291035493215,220.99234492808432
501,30.693006669344886,273.58772346082634
502,27.602427635950264,204.44506249969234
503,29.715223620014807,257.8691961566716
504,29.266096356382782,295.58380472785615
505,26.921619647914923,271.8079708672674
506,26.619958599591584,-94.15808886191323
507,31.530616538226603,-24.741228801842198
508,35.68752249432958,266.33760492432646
509,26.26069862171284,264.9109361694989
510,27.82039361315615,-34.891924283336806
511,32.22613362828604,266.84598560014695
512,32.827437504916126,-107.71851377904471
513,30.246913153984966,279.8308571026925
514,32.3078502466484,191.93188801632436
515,25.315850496536395,288.06033923874566
516,28.01106011886267,243.54117254765862
517,28.456535607008707,253.71598480238302
518,28.232770844646122,-21.46046353320547
519,24.250496103041836,259.06453715359794
520,27.808446676566682,267.76988471985703
521,24.686553067926848,-13.86164116285417
522,28.4467439959711,227.7969459887909
523,25.83305024348224,186.66774641293827
524,27.390414790692184,242.85041307683593
525,26.28982971579798,264.44202048656007
526,34.6135817697415,265.95535869009143
527,27.835658536400906,69.97253022370487
528,33.6574945157429,254.52515899637086
529,33.024190006256106,-31.51003413658364
530,26.60661987933887,43.59531504704907
531,31.655769768383585,197.3849168256262
532,30.625778202137916,26.72359508893824
533,32.77336617622335,249.71084305108232
534,23.036990598720664,-8.158854499100528
535,33.85622095463113,286.4097301603646
536,34.41117605602248,248.98489981107016
537,25.536732219060262,-38.09251164708526
538,42.60221277815955,3.3785438974705784
539,30.73084983473158,228.42755193961878
540,35.696414008333875,256.28903626044234
541,37.037210054239445,250.71345607667067
542,23.132098609986514,-20.930182797503605
543,27.472142168801593,245.59170287928785
544,28.573263251350216,239.3038908641518
545,29.177253244651688,-133.35792188085534
546,31.701648860105447,233.03206459721946
547,30.537435567769847,251.81666360323484
548,30.86305816088404,2.828993695538287
549,27.92172071568563,264.41009350990333
550,29.52593119766401,-48.18145805037817
551,32.90184112278732,-158.80451192100452
552,29.727474801424073,227.48354844735067
553,36.975192888801644,276.76654666799277
554,33.55501792811957,260.29216267660087
555,31.30490152990047,245.37020917223865
556,37.931990102524274,251.2115962557708
557,33.716112570170935,261.64630634600405
558,36.780026798021225,-339.0581558579525
559,28.60655965205575,257.4639331730749
560,40.6588303287824,-20.582448781642896
561,36.76561761730247,254.82696384008375
562,33.33963204051057,-280.2806785311017
563,33.25542014125568,268.03928780751846
564,31.581576557569605,-58.15707886506324
565,33.42193989922302,243.28336120012767
566,27.465054100152678,289.5254682605869
567,28.072846643297297,267.7558763602983
568,29.237693613370258,201.93334414175166
569,31.102749985034073,236.1457501536173
570,31.96449557054734,232.1807564543958
571,37.34626123512605,267.7586493574039
572,31.94196105003357,167.76737639705973
573,30.00215419854148,247.96853332321663
574,33.112240840406976,-120.91750006216058
575,30.734360653069594,236.00635408890813
576,32.897219613161276,258.21615356185987
577,32.721947658569256,11.181144397123006
578,35.78029650288659,-137.77473957305983
579,34.67611064973885,246.58889778007062
580,30.984012581961494,284.4000879423476
581,31.445599305191166,209.97917980222695
582,33.598350858063675,234.509035183523
583,36.364658215123676,-179.1083399026826
584,32.29657392125381,218.35436418362593
585,31.940901047391854,310.5191587207503
586,31.25121008045045,250.06657970274404
587,33.70765914415058,285.1992525905124
588,37.61813024412031,259.46686321841787
589,30.710163871097805,238.02112464189148
590,31.827362015006248,-8.102373293979497
591,50.95969787640358,-40.56144918295554
592,34.287527639691426,44.285259615347
593,33.85658278552497,217.45169667888015
594,29.317275599159043,-51.39513869749392
595,32.4833262734943,227.54583715169315
596,36.5768249358745,241.53251679952297
597,38.42745407487525,-51.2771183316564
598,36.35270783839086,210.31259722394228
599,33.684434070654795,-47.22573472291801
600,34.346184918195895,-103.7726632604794
601,32.85095611555886,268.39030769218107
602,35.266932344684996,223.86266009755474
603,32.6664243977294,19.460222410464738
604,38.787823262668795,273.9938917902766
605,33.94621380331905,245.41528036954622
606,47.23082855449003,-47.62679899350532
607,35.066321620345114,-43.87562872991684
608,33.918291431427,17.174774318203404
609,36.29036271431867,233.7336345406548
610,34.53269433097322,-320.92257763242446
611,38.349105885463395,-544.9074267907868
612,43.4828035250954,-10.11579237973713
613,36.835496873140336,112.58124494785564
614,35.625746313665736,-9.153758897613116
615,37.6093361128498,279.22908281121147
616,32.80242913376201,-24.62399121896381
617,31.36650726906212,252.75392680862228
618,34.212438347862985,272.597933472
619,30.873302659209894,250.0910365946292
620,30.489812495056974,244.9254130399884
621,32.3611129111565,246.86107711869732
622,28.356617361840062,187.54447010047596
623,28.287934153060604,260.9531415178755
624,29.57620527552462,51.48964043222858
625,27.42654177891581,264.96546743899256
626,24.046376346603154,258.85359586241725
627,28.14613872051239,-17.694641476639134
628,32.3909403432722,214.25601986150252
629,29.669933588208046,-41.22623151373499
630,26.60796694038306,260.95510836630797
631,23.81679543131782,247.35542537065854
632,26.01076166173245,-531.6370178040236
633,31.63331810726839,275.057915089029
634,38.77664438052611,-51.42419532318334
635,41.41561095065218,271.53414694171255
636,29.599217846870424,-88.00073121927065
637,27.678825516429985,240.87389225204544
638,28.022299733250698,278.78052872991753
639,26.251164865999783,-432.70990919172493
640,22.708292299939185,46.192086383068755
641,29.11017085307866,228.11626038878686
642,24.62001447094555,269.0770302635344
643,24.669221378976783,201.758731925983
644,27.11931220719735,299.17576811306355
645,27.17767068376682,-223.1423970029255
646,29.55093615133684,4.87547693307188
647,33.51653813614565,-86.90257089507763
648,26.50426236280175,-363.27883167786007
649,30.283816126474726,251.09026768535583
650,28.19023239245075,212.8318347782844
651,29.97887146914447,-31.987699424621994
652,27.59071608159527,289.199102739703
653,31.21481858480961,58.13634408777415
654,28.638492825790088,242.35874632047572
655,30.116358080129515,-346.9129437975634
656,31.80307084065862,230.21362124606108
657,27.194957515171595,257.29140411777655
658,30.164086920037608,-40.09588983381407
659,31.115293642613278,30.139052884733843
660,23.421282049163757,232.64560423468066
661,27.96717052313746,246.41351128285237
662,27.16334922413409,244.8156932758543
663,28.656133266989254,274.64856777733735
664,33.69076574354461,-192.51307558559694
665,31.34339527367603,252.094330706567
666,27.788444769382476,277.8140559788077
667,31.23075392176804,-293.9126709309529
668,27.70284831622824,269.7670749874118
669,33.55730119618502,263.87206124040176
670,34.73952016167175,238.1485798396263
671,35.0864904138777,-109.53752378289478
672,31.086964223742484,135.6020675361529
673,27.217447088910387,-23.112161206534623
674,29.908696334870136,259.926312632011
675,27.096866753522086,257.4844299382638
676,33.51822369439261,-122.39660506654576
677,30.829873337813304,235.80276618467272
678,30.170505569197914,266.40122113134083
679,29.235619748080218,46.64168663680957
680,31.61253731574827,242.76492524821808
681,27.358805747958723,273.07579725719415
682,29.770070071550126,255.97917825684107
683,28.90638146806164,220.5261911203986
684,28.195964401727046,300.27588840045894
685,24.022533258104506,257.5048412775786
686,32.835781607182575,282.22083609883884
687,25.25481258310037,245.3495984770287
688,29.06008068549633,25.417856553338563
689,25.53270205128193,-34.563371612351936
690,27.05250608398203,213.47093053647086
691,27.22983411121072,226.7759043088431
692,23.729383683681487,-1.049406248144598
693,28.277557028518927,15.115183171941126
694,19.215387633800507,7.684071074453224
695,17.62304062151909,-7.066103737027496
696,13.861093710839748,-33.67319299401338
697,11.819195341075485,-425.5213985454133
698,13.824693019477484,-31.08578710160053
699,12.30699181264639,-28.929831632076212
700,5.970449533035506,-212.71580503675204
701,11.287820668620917,-227.86097861733225
702,9.880403514540157,221.96020958915008
703,13.081368340028298,248.98072164961374
704,10.638869058384614,-159.29378142540827
705,11.704478480206191,222.96027539874558
706,10.481748977074256,-84.53332338647382
707,12.170588235963475,209.4893734309959
708,10.402154012619397,295.67503682168615
709,11.569807046904065,206.22535273419746
710,12.899384812754814,212.76976169689664
711,14.894407634243302,267.1497215965711
712,17.90945509619476,249.61442928072526
713,18.28283281734696,283.98348728594925
714,20.446086657458338,-88.05637031401959
715,20.546287855365247,271.66794275877726
716,15.891147849122449,264.3842459626145
717,18.199601734864427,216.5997853215549
718,18.128982624324216,260.86272317487084
719,16.340989259071648,245.1762056828942
720,14.985624362896015,283.20732957534244
721,21.844686748230295,-96.51347556820184
722,13.754496196905771,14.447188450642102
723,21.83765239648551,252.929960731929
724,22.271509870533695,230.69534292667447
725,20.39951244483049,181.33830672146865
726,23.322252483878817,242.7188415682559
727,22.73546832613647,275.4479693081737
728,26.780585052117768,263.53965709830277
729,23.868269469358225,278.5620674824753
730,24.44075904461582,237.3437959387664
731,24.89689676551258,-72.32682081731903
732,28.143769077798154,247.795418438053
733,29.20167826805856,239.9443873000551
734,23.543368191881612,-171.32768625639852
735,24.076743326101894,107.41788906541107
736,25.845032495188427,33.995859480534875
737,30.77593223925058,192.41664318513506
738,26.856114345927573,-62.37190523965546
739,28.968596146504083,272.5548238174164
740,32.17951511586987,272.29752221796775
741,31.381089054875904,233.86674385793506
742,29.298347820237627,281.536159601554
743,31.82748408813392,275.62109920226214
744,31.232791604666875,229.11935857166642
745,26.145079686038795,237.47042330099518
746,30.203329714323512,258.11052416028326
747,26.0762428925796,243.69364150098951
748,29.169843753885967,230.97786437458885
749,26.250164856488933,202.6688061580985
750,26.013489912791425,269.34410730079634
751,30.32680580471501,16.405532615158222
752,29.000282336652806,271.5825587470912
753,33.13334777130271,266.291879880861
754,29.984374361847518,283.54028536854435
755,26.409244439713223,234.22686340827224
756,28.09372027781831,215.58773212820503
757,23.9711547267437,-21.056887079908876
758,26.112828076185295,286.47433143392385
759,26.379425124032156,140.89580187093193
760,23.778010348478954,230.24599097503904
761,24.38843144106865,128.886922216605
762,23.362965321540834,276.2819645999207
763,23.160604837919852,287.96209876347405
764,23.58249453048448,269.393842644655
765,20.852138504991686,281.2275249252962
766,21.382084334571406,226.00608238868645
767,19.53527624766032,230.1492950982948
768,18.752925834872507,-33.03862433063756
769,24.7007668463237,255.08211722792095
770,26.682661546755206,262.61550845427814
771,22.704213898181916,261.9718226787836
772,21.123006535337325,-44.49615263104785
773,23.40666887317736,-19.8394765428486
774,23.26929437764408,221.85320500333162
775,24.46908650813599,244.79611986741497
776,24.13380974975038,249.06035280492188
777,28.45012120139308,42.8799604337425
778,25.666831141199385,286.18194383297293
779,21.612721896872802,205.96402238054023
780,23.551294077206126,268.95354076642025
781,31.42521870413492,-47.63420707536086
782,22.755081237196922,-36.21614033870419
783,22.882892001713955,226.98327259973252
784,20.32508135443926,-5.943257764246784
785,17.420319354801034,241.16217378247867
786,13.41453067473406,296.34254902619085
787,20.577424433416947,246.94176546109227
788,17.22392413470385,227.061433807483
789,20.03977258976348,249.3514530788355
790,17.47580366096033,231.60906953930427
791,16.384564793851386,268.3490618493453
792,15.989570622803063,-3.7980650867149137
793,22.610901459751513,226.99077114864298
794,20.472815715432166,-43.70347801047942
795,17.717936499552295,269.16346898309683
796,20.612131212297726,278.39189017616957
797,20.505774574737025,262.48276229726986
798,24.1113255874891,202.48182443132615
799,20.46471288406624,297.8234273143173
800,22.615034978529987,55.44950991329415
801,26.2724603629974,272.7014290738616
802,21.550504899024965,272.7673059426296
803,22.529929608106613,231.64512664604197
804,26.123030607492755,248.66691484064495
805,24.19383793603629,277.32713477253935
806,26.20001763126604,255.61769103505029
807,20.67348030126095,-53.03464970221555
808,20.38853179305792,266.6545863159028
809,21.864736091730276,244.20693610137153
810,18.598854293465614,-10.773560043972193
811,20.118204243711588,239.10044044619457
812,21.15466188867657,248.15157677454522
813,18.67526682549715,-7.264936509206303
814,24.051528638945175,233.51142209727743
815,21.252956062684326,245.85559610091235
816,15.45151948928833,235.46912646721677
817,18.01586929690895,223.73069401112292
818,19.45620422935486,64.2006640367607
819,17.887713224100313,271.3766502217318
820,16.989690751552583,-12.618969917388538
821,18.126276545140936,252.0988179608464
822,18.693888723556633,211.41745094435882
823,18.566282987069453,278.6121772611222
824,15.933287874669642,235.01925633454468
825,14.982639378845692,-32.34766133016351
826,13.539342920864577,248.26753302245174
827,13.89323723082449,-274.73753418673476
828,16.826176893889905,-18.701244967420354
829,15.069056277990342,74.20870058593303
830,14.545160989730785,282.701381929096
831,14.003243567287923,-34.100185537112566
832,12.559029950384508,250.6466660233472
833,14.34320654488843,277.55247567087326
834,15.802308617411432,282.09338960230804
835,13.305572693269761,247.12645973943427
836,14.011954557458195,238.69033353376585
837,12.725294045200854,245.5922021341569
838,12.624831326053915,220.97112442624532
839,11.878471024399218,262.3952371484641
840,11.461881733719066,-364.3238220755997
841,16.777249440400286,242.45082146673926
842,16.844389591124152,283.8886255454035
843,12.2059586752925,-544.7087218110377
844,20.84860777121324,272.08762799043586
845,21.091513188680015,242.89581846528785
846,20.14423138928968,243.6285590518991
847,20.711800265933665,250.5434454636421
848,20.13587516734926,159.7815744949168
849,15.9296056220065,246.0113458793521
850,17.739343178093435,-30.726112633922828
851,19.900937564050157,29.00014175480095
852,12.860484569609165,7.050611659110831
853,15.986928895413875,-37.647082139344064
854,11.536391945370347,246.4704481171009
855,15.652821657396911,-83.95612829949695
856,13.414056573204093,200.4789265805985
857,14.789799535134259,228.78076880014157
858,21.322664719547717,256.3689529288774
859,19.81341540758763,250.64172771961276
860,16.47747063809547,225.62319235365112
861,22.089524785417026,243.021933781598
862,15.927644314467907,-27.54913201650123
863,20.72295991082986,2.2207561949496437
864,16.632845482724235,240.19845235873302
865,16.1678921351066,256.05175990516386
866,14.5423729311709,-40.12612554560678
867,15.121671021779377,223.53314727132877
868,13.362311143141527,252.16458224104124
869,10.301621347665787,231.4457494105634
870,13.274987536227261,259.71897657857096
871,12.996008456755085,241.68086063255993
872,13.564374209186177,-0.270726875019605
873,15.387291491460457,-15.571240470698157
874,13.05296465664199,9.793408510474777
875,14.730688209056854,-20.447934164807915
876,13.038670643646284,214.43306674253688
877,14.404465535708836,265.3979083929297
878,15.004002917271395,17.507503806461003
879,14.742727886795997,-13.838758619874472
880,17.706177164842416,-4.788895778527063
881,14.613037813029834,233.80349574927612
882,14.628852580868921,255.72686329599884
883,16.91426556570488,241.2881476169798
884,18.62081188616091,247.30921450566223
885,17.106294732827408,49.564675024940925
886,17.210670121605435,221.69013536629012
887,17.72672889959366,11.16821203761181
888,18.600063982255318,159.55962035957077
889,18.164159033447504,-18.339498850877888
890,19.125323999524117,-10.04043968740946
891,16.313755597054957,-26.330865795971814
892,16.512642997537736,250.99851087288573
893,15.125013008004142,287.04120050977264
894,14.200114026829437,268.24870424868163
895,14.811753566327848,236.70986518433898
896,15.56728651633068,277.2983843499812
897,14.338240672520229,8.435414573488373
898,13.802787947654725,255.43291251333957
899,14.669399247789869,248.22343379699052
900,14.223180528700352,157.39775483813588
901,13.802951101792852,259.1536513937784
902,11.761171221838776,232.7397371103386
903,10.970706863366829,284.4182339086141
904,11.938769595253202,184.23470280362574
905,11.367440991789286,246.90026789943437
906,11.31961503444296,205.6021280998425
907,14.356274563589213,-24.491860903480415
908,12.708588354038389,21.416193053912963
909,15.972227899489864,276.31534443522855
910,15.880828190670938,185.90475067452655
911,13.210229041982204,-17.158214964913284
912,16.01507891793,243.74355590446035
913,13.703050243720579,287.58113754498777
914,13.587973290510138,-6.9889550527542355
915,12.954111514091492,-575.3849886993232
916,22.463088118335577,272.23522335424764
917,18.542881075725997,239.90764460769932
918,14.296993541474246,242.48461463503637
919,17.669598299980162,18.787551759373443
920,14.95999674831363,-7.056285353187448
921,17.003617252381343,291.03097283255147
922,20.016527773217952,260.669412285544
923,16.935081759934587,209.4782039434968
924,19.740998639065086,286.0104091549765
925,18.132273993611335,130.51872833993716
926,15.858939112873252,17.74260506581824
927,18.266231113125663,235.12322749075463
928,16.86180106079892,245.87824795543023
929,17.35265644955635,119.84900549154928
930,17.186630268394946,230.9327156721158
931,18.652497754855588,274.1868769794032
932,19.96042121179176,264.88331479130466
933,18.72600554486355,243.19456182149983
934,15.743778482985102,274.80912315333364
935,20.527898422487965,232.36457147958524
936,18.749762801719562,243.92709007130546
937,17.249249067170766,270.1792081389159
938,20.806634679503507,-11.65658313550776
939,21.127715259313582,82.91215083578713
940,18.223935815352426,257.89370702271697
941,23.715401984396436,46.21239441917342
942,21.442776404321194,219.7128377789225
943,20.293218297071945,258.2388722992592
944,24.728063271015504,293.09942643362297
945,20.609815092095527,228.10349567092626
946,20.521564673760842,264.6977201248057
947,21.136902824044228,239.66016889210186
948,18.56626654399766,268.8640322965441
949,20.31477000315984,274.72072319455384
950,19.96121018213997,0.2674064616583678
951,22.397447668063414,276.472425087288
952,24.20696953661514,-43.000732453232004
953,19.496812749850122,301.3837726911786
954,18.395500332400914,236.9515324379745
955,26.36144323562219,-39.06532408167698
956,21.1486245655121,238.98069479501206
957,22.703973547134108,263.0548302692829
958,23.54476732079019,265.08338824212296
959,18.85875665664673,-100.46497830911385
960,23.27463120779796,275.08300962634337
961,20.673359098077633,254.5706416151972
962,23.79201607187311,254.7751678520686
963,20.329202356948155,245.9824180445928
964,19.048681124201362,-270.43236471373706
965,23.615442817082663,248.82656972808743
966,23.252649864246106,-191.91797665263877
967,25.903909037078638,21.537530132625832
968,22.973147800137077,253.49284413793237
969,24.71795665776288,272.480265991463
970,20.780239744828297,-46.896175408937765
971,25.31320267114483,253.46628994275423
972,24.52116483076809,254.5284495851276
973,22.15715714354141,192.35985233660566
974,25.2340853813336,263.3209703180002
975,27.395685308087955,288.0157515324828
976,22.877848614913386,248.656805244705
977,22.054558301965397,247.27243407881315
978,20.93529655994513,13.116176497790477
979,22.55241864632795,285.67611078946175
980,23.14137229204178,249.85240267185904
981,23.76786879413199,234.00884166473992
982,25.984301516433167,271.2216309881231
983,24.10596621745116,273.49330430510236
984,23.09097110301025,262.04949302556327
985,24.43133040250734,259.13833525550615
986,21.995439840786492,291.888861130618
987,26.1437149922053,287.43873637272753
988,23.922081825099415,281.9489197518395
989,23.272498209425745,260.2963886580705
990,23.379422732206056,267.1741392391525
991,23.095451718912674,231.92717684682137
992,21.637726182264906,259.0239863361379
993,21.86243101512944,258.9342257078621
994,21.98000147011545,269.9491325918073
995,21.95046349473902,271.19483493467465
996,22.372195607838147,236.17761108026275
997,21.92089718725623,265.3652567203139
998,22.894883386280778,219.2498728137374
999,19.96641426038742,62.062586604482455
1000,18.915364219871584,246.73775399035804
1001,19.61650311946869,238.77753594876697
1002,19.19982824150452,263.2515118679352
1003,22.265442758325545,-314.5533482395623
1004,19.403847651144044,253.9300181434353
1005,17.707617934709592,-405.61480574775584
1006,19.768082607098115,280.88616855756516
1007,17.245018728486784,-13.530869770848298
1008,18.391421194291777,275.3936595498079
1009,19.94828127976507,29.64614567351839
1010,18.94908373461244,281.75099947869506
1011,16.77102434041696,224.57119348398697
1012,18.997827898314657,244.96906755379356
1013,21.269354304693042,230.91947612752233
1014,19.372148955393136,251.34269234694014
1015,21.907548510959383,188.42340811558597
1016,20.267440817954782,242.99285526672594
1017,19.74097979238248,264.74997548655904
1018,21.026688074981664,268.58100914389354
1019,18.14452582908533,240.88444459913495
1020,17.88396564993278,264.80819609176325
1021,19.015601303960597,251.99889501377115
1022,20.29142664830922,244.5944978863027
1023,18.163856494655978,245.58009999105326
1024,19.160997802164495,235.05879279115138
1025,19.705995443408476,-7.813368274351831
1026,19.76499208816247,199.3204342321058
1027,19.717598769762745,242.88431839210193
1028,15.882288889508498,288.9044875189089
1029,17.521166179716587,-56.723935516176205
1030,13.632880214510894,252.45510979142867
1031,16.63428493078981,245.39243876138386
1032,14.843965384828385,249.3882259002679
1033,14.404549424252455,240.07154620320833
1034,17.103906941890717,-57.38560138210347
1035,14.926504361271858,-55.14206190293119
1036,14.893555311328274,-28.522733940135453
1037,13.141497709870338,-85.2276899777116
1038,12.846269714923306,209.618530159433
1039,13.234008569315256,265.2500027448483
1040,12.753567885006628,25.793412678801246
1041,13.6742948077876,3.2516603090519993
1042,13.902733069199781,-28.04723981232651
1043,14.558857659637928,-107.16831832599193
1044,13.611929116770625,251.77023101301577
1045,14.964686803781806,256.0550712371158
1046,13.014847448433688,255.472263943312
1047,11.624790624230208,250.8356583878683
1048,8.822016523909692,252.6157345061832
1049,11.620478022041503,276.30465640715477
1050,11.98774777328968,-64.21467215280973
1051,9.035388895334341,283.4645605332816
1052,10.143329878896475,-335.5655857413819
1053,10.426859624110735,8.27138622111417
1054,11.867852208026559,-31.75430853220054
1055,15.461758367220561,238.263668300537
1056,11.684290097405514,235.32795446134833
1057,15.242192653860625,276.1456252245945
1058,17.27601039514207,19.49348094988534
1059,15.888502721553264,253.90410198385732
1060,14.627112659235154,115.780437784834
1061,15.87693524819154,13.839191468992965
1062,12.733935977430905,281.899169688622
1063,13.912903204402317,214.17613253455258
1064,15.238502808452882,58.03839338990528
1065,14.773339746296406,-116.50990726103758
1066,15.15849670337306,227.25097140018062
1067,15.028423624978938,301.9458840833542
1068,19.25139081998936,249.63912835992377
1069,17.600031060796557,-201.85285381821242
1070,16.112291256006618,58.90850137906776
1071,14.488412748932838,-54.09478109461545
1072,15.923535954828063,278.18267844411423
1073,17.333671560057674,239.31726732388898
1074,15.15939069646597,137.01168307656096
1075,13.63169668263197,-69.42867632995845
1076,11.73056395536463,187.43802000895988
1077,13.184724636651852,254.83096792924675
1078,13.32171105388282,-32.33176138792733
1079,15.175408713957843,264.4233725126007
1080,14.480116299477872,259.76998126696253
1081,12.646643692612647,87.68089685695078
1082,9.268209618695995,230.98938560021261
1083,12.564324431238866,234.99224632911657
1084,12.500902899738515,-280.49464953919664
1085,9.619793663779609,64.19517984842923
1086,12.114496518034063,179.77292574828027
1087,11.858630899460085,276.72461778909536
1088,12.918329685392345,212.45552013656655
1089,11.854263835897049,47.86044766839146
1090,11.860379472855598,237.28524495895905
1091,13.57142859572047,277.41515104430516
1092,12.59923752946226,-135.87688952057124
1093,12.591342951838426,-122.28739084200416
1094,12.850382521209946,253.46281303390037
1095,14.083933624658691,244.1797427844915
1096,12.821068246825403,-9.983356823118243
1097,14.527718206568881,-127.8030061154166
1098,14.889992237091064,247.97453288900965
1099,17.489514460969477,299.3637836702426
1100,15.311515856796587,220.40353340956938
1101,14.560898713186278,217.54443111402628
1102,15.23302469289664,233.36930487654942
1103,20.87255047534553,261.2910037325007
1104,17.215238616166527,249.81328775028797
1105,18.55312353513759,-163.40242895244342
1106,17.92605876108134,-153.90083324630498
1107,16.864909843036106,269.97390876176064
1108,19.010915863286158,27.546405179307484
1109,18.72804826045338,40.28236751431268
1110,20.480109743948105,-97.24768984906738
1111,19.883830866359528,245.85623899588427
1112,17.904457396268846,102.45136864569965
1113,16.96738544179172,-84.5839876637194
1114,16.466189457758052,247.2779751550587
1115,14.77171078912255,266.72952247700096
1116,16.41262113412221,279.2252196377665
1117,16.018828013304915,242.55012751340473
1118,14.816533388362991,228.11900936049526
1119,15.654612331092357,270.6585770533371
1120,16.555369086171453,248.87062024945416
1121,17.693953462606352,243.93063818225951
1122,14.113087492562382,262.783683058069
1123,16.140113040691112,270.72934893561046
1124,13.110349420654146,260.5315356707205
1125,14.566990450195883,243.42595322200273
1126,17.58945269766217,255.56198921047672
1127,16.417202499100487,239.97916191573617
1128,17.415415300159005,318.01598495125756
1129,17.08059474632098,221.18006918826055
1130,18.21441744520979,257.9864236439031
1131,18.577208029447927,250.2993120272077
1132,16.127138563156127,139.43246032930162
1133,14.707855336679089,185.55141607635719
1134,13.146010061047168,-300.5236355477511
1135,12.778536571728614,239.66566749928225
1136,14.44184748455882,255.72151671951778
1137,16.255523030574505,247.2988510059412
1138,15.756478062345963,271.76157339497547
1139,14.805545968452686,291.88343209192396
1140,12.820735399130802,228.1976985227605
1141,16.5119829477935,246.74032079998844
1142,14.549559948403957,-274.1882643506122
1143,16.521240730459493,-103.55014180437777
1144,19.25728752449447,264.8537200851358
1145,17.81515650012067,269.58646384779064
1146,16.533517226118306,228.7982408141699
1147,20.310562450273903,-38.21831577163165
1148,16.486410452742103,231.8153330438533
1149,18.727087938528268,262.1228859028081
1150,17.270678813413063,276.00917769060425
1151,15.620970116643345,5.280516030004975
1152,18.63044490109027,266.47366388282353
1153,16.713997607204046,273.6716727637135
1154,19.94768165957694,289.0256205266573
1155,20.583138530904595,254.6460577979081
1156,16.848053695396942,238.5139942486564
1157,19.735952103391607,19.679319466729055
1158,20.232604311451766,245.51455260971767
1159,15.874466827753428,251.9751991475964
1160,16.821036199825567,272.3907213181464
1161,18.28964350797743,259.2320576747485
1162,17.844853430180937,262.53630258498225
1163,18.686474758200347,-199.60374194602588
1164,22.78855079564181,281.30130633448965
1165,19.15928519335319,271.92192727433417
1166,18.343513435350275,237.7535923894506
1167,21.7401383654906,273.43267830048455
1168,19.08649025319351,267.563533738968
1169,17.066462618788492,17.574862645151896
1170,25.670047388538237,288.88169596649254
1171,19.47469196686378,253.53156146028917
1172,27.838296323460717,253.4083545542196
1173,22.525918468302507,280.16306085102644
1174,21.984322228312493,146.5097043774289
1175,22.411613790988923,263.9585876599717
1176,20.83750495348084,283.4185555539628
1177,21.07741118949723,-157.50308077490493
1178,21.856766749254035,244.53468008317466
1179,20.246968893443835,260.06887948305246
1180,20.345722346777443,276.58099881522696
1181,22.391897588290952,251.81574624384294
1182,18.819500777779556,43.05308734522677
1183,22.635348338572705,-23.348952062264104
1184,18.655560208127852,-8.774365486287863
1185,22.31435734243954,28.50048124020327
1186,22.31708952351924,7.450614037460696
1187,21.75953222397002,225.1087570512728
1188,24.379964984709922,-473.2124951328625
1189,32.96009904624653,218.33563280900506
1190,45.452394140294835,238.9342188138853
1191,30.374807990514316,50.02268249599919
1192,37.18222941442863,275.80744017865084
1193,33.34208194128901,-52.50559887862839
1194,43.35603683789571,284.50490744003855
1195,38.82596830231803,254.12227707911052
1196,30.525300000621154,-624.7161370440215
1197,36.491113064970286,34.989856373012685
1198,35.07380088397435,23.25299696716087
1199,25.51958865307747,38.5528479554462
1200,36.528823710036,5.228164592218192
1201,38.142905394236244,-211.07658541123732
1202,53.76846389512758,-86.91061255960332
1203,64.35239636898041,259.35888367563024
1204,40.22769209614408,235.69253104567116
1205,39.17254044339548,258.1247928900005
1206,48.79474946326273,247.3929636465161
1207,34.02233631566445,273.36654078576385
1208,44.45788816323027,261.03684914986815
1209,39.07363957294579,270.3409449120781
1210,37.132169847585715,249.8524336912591
1211,36.60233277364484,235.85319116318092
1212,27.120296766591625,266.21618955458473
1213,39.82038384631164,-4.548944569372267
1214,34.7879979558613,11.616152671895918
1215,33.128869232677275,56.17701925968447
1216,30.29681001924119,254.24479543199868
1217,35.93014221477069,254.1254965690625
1218,32.36394893845846,253.15436878540314
1219,35.77660969917819,249.89944283055192
1220,38.2405205577999,-3.332375262577287
1221,35.84490105317685,-213.89838162736135
1222,37.91192733699625,252.9664068003437
1223,44.173505451565696,279.9163234673474
1224,50.047318057676335,-23.511592202801822
1225,38.788760244846344,48.10593358587056
1226,35.68954289766182,28.627634616299417
1227,45.42573594229562,246.5391983470989
1228,37.21944426676122,288.50267393167803
1229,35.3352551398178,11.489379691659536
1230,36.77074038057911,285.30518974518293
1231,43.12165719232741,258.0306784499708
1232,33.608481631221544,24.871577850123117
1233,38.05464217049735,243.76077004105937
1234,46.017734463800466,-20.346878805258072
1235,44.53592400673108,41.83194537916697
1236,33.99075776086727,-61.00945908254494
1237,40.063222036361694,19.61515219408483
1238,38.86886637653419,227.156089587206
1239,35.471998882293704,164.6157385280329
1240,32.84336370688219,230.4042598421822
1241,29.05996653802284,262.2028754098623
1242,33.0865504663356,269.61508947212235
1243,28.529745969686424,30.485216727271563
1244,33.50389997815825,258.71915585243937
1245,29.605645108480555,257.71427716381413
1246,26.378939217263525,266.3831463791116
1247,31.864386479059856,22.873896061065636
1248,30.298602020347513,-34.81375444065671
1249,28.274344865311967,-12.264204525201421
1250,33.86536899708813,266.6045736968605
1251,33.19247107939287,-12.511173335655556
1252,29.886251242446505,286.9151442420922
1253,29.63514280998254,255.38901697244606
1254,25.44534429194222,46.221562419794964
1255,32.5030227797372,272.87503338704556
1256,25.22483379938449,-411.6949420125317
1257,26.702300840429125,298.874589099235
1258,29.560954322989698,278.74824731782553
1259,30.775555665325967,-18.944241205905826
1260,25.135759193920396,-5.636012997497744
1261,28.29595935997085,290.5439746877805
1262,26.039461589327047,246.18277639182196
1263,29.235334947271255,293.1546795700939
1264,25.645091609471404,228.36596643741657
1265,25.870431257549086,260.19237628472547
1266,26.441696496163644,275.5830509795429
1267,25.76829062792648,289.1036123467244
1268,24.7301156802844,-13.241542486643652
1269,29.59807232118422,0.337603027269779
1270,25.65622613450143,286.75299855023155
1271,23.148806127786635,115.10467629109026
1272,21.670746417784354,234.53702752376756
1273,20.35085147878398,275.03944468311863
1274,21.71475887934367,217.97529291948177
1275,23.12699859937032,247.29263980953004
1276,24.305096472226655,300.9290207863026
1277,18.12296389751747,39.74302637375948
1278,19.931110310427687,280.3770260937491
1279,18.914684138033124,253.63518375301268
1280,23.484459489872513,241.17239918983387
1281,22.46055462009223,289.9629063906366
1282,21.790764846257716,271.32672885238003
1283,19.802066694958544,272.76889516427775
1284,21.331819765269756,-6.751485913999133
1285,23.03154242231,284.87638695587765
1286,22.8870982358853,267.1239250063309
1287,19.82096702030727,260.14200723687736
1288,21.963486121760475,-229.58582990237156
1289,27.3816733095381,272.1296151764715
1290,22.46416253459697,262.7909854357349
1291,26.018022941004844,287.71570393927306
1292,25.04628208922405,255.49381461723254
1293,24.40226591615116,47.243163345582445
1294,21.336193976894258,270.6262034978144
1295,27.37560474531991,54.59732073152702
1296,24.75551140813756,281.38306617705354
1297,24.66636715859783,282.7172368196599
1298,23.58264060918387,246.47166695637907
1299,27.08635861198337,237.10091930762638
1300,26.01824200854582,304.80119909284747
1301,20.98865194730861,-2.5964688983121675
1302,26.30320957391569,-500.16782231706287
1303,27.97729424602729,303.32685379388846
1304,25.46177955234752,274.0529091773896
1305,26.204119085796236,248.28961495084323
1306,24.173593405856202,187.63344127728254
1307,23.10566979899551,290.57031881899115
1308,24.39048433446884,134.86291625247185
1309,26.89772600085292,281.3189317534262
1310,25.20370523678629,271.28790417477603
1311,24.265555381774902,283.0332009877581
1312,25.68277302271203,-4.757923719333959
1313,24.785872315623095,260.9817071046173
1314,24.932741735039688,277.3955109723311
1315,23.490660476918315,262.4125064068787
1316,22.369701269113623,286.1354588878056
1317,25.470236497589305,257.46164192968325
1318,21.604725502641863,273.9836932580208
1319,20.420944964969074,304.9514588048796
1320,21.339977297557176,295.65136866998193
1321,21.103553157620663,219.40329424892036
1322,20.014459035834488,292.874134475805
1323,19.832953729702314,276.99501461611743
1324,25.50454296942415,258.2321996922068
1325,20.539155995845796,290.5359440943042
1326,20.445990188270095,290.22426378655143
1327,17.88837376742993,34.07357737907191
1328,21.51567483439888,298.22071394522504
1329,21.04838726255629,308.37432508487825
1330,24.917954738694007,30.233539475415597
1331,22.98313241113316,283.15827450375593
1332,21.57748894288506,294.06294232517007
1333,21.97868264572961,40.36568202352319
1334,18.05737749885463,266.7875881436139
1335,20.475796979049157,260.26929265600876
1336,19.750422854301256,249.23595301799216
1337,19.80505320760939,49.53203589923706
1338,18.80688394670901,281.00922548850883
1339,19.98793957538383,227.88961419855073
1340,19.497501677029753,202.25218959671759
1341,20.359653749308745,271.31043957633653
1342,21.530425567118847,191.62539990514176
1343,20.135053607106208,180.56725099952996
1344,18.01883821019016,230.3430389947166
1345,17.870059541470027,273.80546969213344
1346,17.99293378516201,278.5397814267245
1347,17.272008061408997,242.2382460879845
1348,16.507054218177586,303.73155397330777
1349,15.455940146542074,258.77233610278927
1350,17.84157274829017,-20.29568397893199
1351,18.029585033287237,279.90262854603236
1352,17.983940999354086,65.32936419047718
1353,16.49366355339686,296.9804824725851
1354,17.558273493233372,250.46747008323078
1355,16.915010173109515,265.1845281416163
1356,16.09028586626053,298.8271946456423
1357,16.151473984870737,287.8935002935775
1358,17.974798020245373,273.29832204639376
1359,15.241894058942794,105.23363067290069
1360,13.283492647959086,247.94918479930033
1361,15.636429898795628,-20.757042643899794
1362,16.48095744322328,241.54284377081015
1363,16.152338905494755,36.36522336565238
1364,19.37147013769082,244.159247819982
1365,15.353254187036548,257.2993499268149
1366,15.27650499417458,263.53547815658385
1367,15.483915662646293,-40.662962136944365
1368,12.894236579103378,288.7895680645439
1369,15.672729291167913,239.33671515633833
1370,14.846483634178897,254.1967112667502
1371,13.83024565889722,275.4467199877595
1372,14.24686389066735,-688.2785820542807
1373,12.983067766825359,300.90490235611816
1374,15.556391927249292,55.99421012522495
1375,14.440039174897331,248.54446437882504
1376,16.45872869119048,250.73171679256922
1377,13.548012288817525,272.686145025737
1378,14.629636808402008,236.97689373359
1379,13.719572927694173,229.35778326317777
1380,12.900259479685122,217.43622627821327
1381,16.636782826867492,274.83259475034606
1382,17.40692546168963,182.8330059294762
1383,16.973871798478356,42.899855413404595
1384,19.95199899684708,293.0000682499061
1385,18.58743217445555,278.83581947864525
1386,18.260045804615533,249.89870207271164
1387,19.57798022694058,266.3640267507072
1388,16.86882844775222,294.57193646573415
1389,16.495587788575083,273.70210814947563
1390,21.431957983452342,315.9483332106335
1391,19.024354053139685,142.42270978299013
1392,17.035658741265202,46.90064874102791
1393,17.77307426437889,79.90544704221935
1394,19.47410570409961,285.85339825846984
1395,20.487519515002216,273.0672678667373
1396,17.20479145673948,276.9640332885781
1397,16.218471039425243,277.31961119494076
1398,18.98196055519749,263.88405886799507
1399,18.533608795319548,201.68437887920857
1400,21.7299902283897,263.55784138771224
1401,21.549980828304165,259.60941398503485
1402,19.978035986840307,270.64468213706493
1403,20.144311287344955,287.01666613852206
1404,18.99141752503135,273.4718026012771
1405,18.892494807511696,-208.9047275303056
1406,25.346463756986182,258.0179018181832
1407,20.183488067503898,244.25134282470512
1408,19.4355328268296,278.6489835382481
1409,18.878420539649134,278.5982114277216
1410,20.452364887366315,268.33127792238423
1411,19.605610756313098,262.4896687760731
1412,20.060197620795517,290.95256719436657
1413,18.04036529858907,246.37253728379824
1414,21.955975718348828,188.44053033425155
1415,20.768349667670023,-26.64614855199484
1416,23.798971961184247,51.94227514174082
1417,23.96010616210199,270.7995961071772
1418,22.666308378705793,235.40391959687724
1419,23.889337827871135,262.43782723223757
1420,20.03768693483793,-138.39149611402692
1421,26.94973922007292,260.76797157552505
1422,27.178261231938635,30.298320370763832
1423,21.031893266664518,16.352571628349637
1424,27.299490934924076,17.71318433598448
1425,35.18057506796958,267.77247076263325
1426,29.053529236465693,-57.24240298667101
1427,25.42958038885963,271.90547183953566
1428,26.474256729830433,264.3932171444646
1429,31.41830823085452,255.2402335911536
1430,27.341375462344434,259.1307539588537
1431,21.93664575224623,254.78344702179783
1432,25.20683378102828,272.19314042047665
1433,23.835307164545412,169.0513885865522
1434,25.10375019877437,246.49646761710474
1435,25.297986203244218,237.61936951369148
1436,27.70824050760555,287.11815178031327
1437,26.50743470878102,302.03599489596263
1438,24.262322818672896,258.0046529332682
1439,22.694151977051135,310.1593806283095
1440,27.771300616264345,248.67991840964186
1441,25.12834502607584,263.6604600247096
1442,26.904432123562074,284.37339622039497
1443,21.741897241356448,38.16894077612642
1444,29.99997704457014,290.88850725627657
1445,25.313665675051386,255.33267299948008
1446,23.923161236079114,244.99278632945416
1447,23.948561911202646,264.20248264631175
1448,22.815353518518908,135.83939894208075
1449,21.72457847771821,246.8082093460914
1450,19.084636173365308,255.36444194731587
1451,23.128486082864843,296.93092421346233
1452,24.46019478953711,278.7659553722832
1453,24.64618349295058,281.2133496607164
1454,21.360504153777253,262.84374256363793
1455,23.15543945750805,295.2626563153587
1456,22.922380759948638,259.4714884243665
1457,21.454011431018127,302.3281828710933
1458,17.605298826995405,11.008452248298354
1459,24.603739958775193,245.5772208573726
1460,22.274214023258537,-127.18784700539612
1461,23.835724251023656,277.2211304954734
1462,22.203159130225746,315.3170934542809
1463,20.862174640683566,-32.72971793081267
1464,23.806970797218643,266.16051870396234
1465,27.537772678314372,43.263384351943756
1466,22.07727344429821,263.2570474129592
1467,26.697425556790296,286.7840734383702
1468,19.886037909759665,308.67892645012483
1469,21.646679267115978,252.3450075755481
1470,18.61613693374854,247.27699197639748
1471,18.45797776222229,295.9064065917355
1472,19.89526626782075,260.52457102260814
1473,17.87454106771946,-2.123736864549134
1474,22.263432297441696,277.40934773007757
1475,13.755431454890482,259.95498445557126
1476,13.7898205249227,262.50202565687727
1477,18.319419819968086,-42.60214042502767
1478,16.13489544391632,272.69994686752386
1479,15.005879059672356,19.90748742435234
1480,14.127344836900523,271.31242492065996
1481,13.039146421933244,274.8970504488337
1482,11.143977209069263,-200.04365233809295
1483,13.472282283408667,261.52226203830196
1484,13.921704093844905,256.6079135561332
1485,14.652471206081447,290.029728954534
1486,11.942868912336873,292.69840427057886
1487,11.97959829809574,263.6691988175737
1488,11.78345781326294,314.95622231431355
1489,11.430323138833046,-58.75006252518054
1490,11.924132183790206,20.112242492173095
1491,16.4362785850091,299.629171640284
1492,15.064327393920676,286.8676557018142
1493,15.935409456171016,278.66930555434067
1494,15.937906988608985,252.04597338310214
1495,14.8266651518468,295.08785422744415
1496,13.865566278457642,11.17871591016847
1497,13.272774406370408,235.80882497235498
1498,13.28173518372502,223.18162988445863
1499,13.237662038803101,55.79835525320166
1500,13.764100778250047,263.58836360401324
1501,15.263015143283003,251.97231543332995
1502,16.67671767313306,276.13958254323575
1503,14.538566961007959,280.3909441848592
1504,12.085663655708576,227.1799191713751
1505,12.429801293708735,256.14509708923174
1506,11.566496508549422,269.14197433435606
1507,14.375800824005331,267.2514235720606
1508,15.830315636128795,-0.4244622192254184
1509,15.255697398937395,233.35470513232332
1510,13.931045036689907,266.09284115617584
1511,12.4018888628328,259.0712140221574
1512,16.2267444336668,219.45677956082847
1513,17.86318386228461,240.39770549953235
1514,17.860741181807086,255.32394585696548
1515,16.52379683294604,188.49751345631893
1516,19.106843498737916,283.870577316879
1517,13.973507657964179,280.2762359890642
1518,16.69041833815096,264.94448771783146
1519,17.903357062074875,243.8763757548941
1520,14.05624260869595,251.2476938287524
1521,16.365326488227176,265.4541373753701
1522,14.706300980434186,263.51001342378834
1523,18.498786997742357,-198.70872595407195
1524,17.482466145277023,-59.19153324854278
1525,24.32383853693803,275.2855940549603
1526,23.923121721455544,276.37897266603704
1527,20.170790734356398,247.93346991768158
1528,19.538516665133862,244.49155164933015
1529,15.725492112819966,241.49682613038334
1530,16.597020647644456,263.1470209436401
1531,17.824833970950788,267.1495242217371
1532,19.298904054136163,-54.69695496155953
1533,21.62600944763006,265.8796028871077
1534,18.159282649033948,271.58708217099354
1535,18.63412070031069,260.1636657958112
1536,17.376590648783914,244.90630249782555
1537,17.619601454558197,226.88883022166488
1538,19.37941341027201,276.28603678091656
1539,18.21547878852425,271.1010776368562
1540,14.57091453778658,283.9088676472241
1541,17.265784856356106,272.15293926265684
1542,16.405028299236974,255.92632471232272
1543,15.541533683412638,273.4640507907021
1544,15.66452448482973,275.6096604226386
1545,16.281970414389736,292.5046960317002
1546,15.004956029537247,253.94627611078405
1547,16.045766142499705,-15.191191762730384
1548,16.847729991186032,306.21688638505907
1549,14.662204901475718,246.10548930523763
1550,13.83568813032079,284.4709690612781
1551,13.990995796410354,281.11026985389424
1552,12.484210235731942,213.89421954333966
1553,15.174648135621972,-7.0551625724760925
1554,19.859508622487386,241.9987284384166
1555,16.570856214715885,277.6686258313339
1556,15.097481377713091,4.066792902210153
1557,19.379567258933495,243.09360453172476
1558,16.07866799638078,266.51772290623506
1559,16.07191986555145,161.79514061014225
1560,19.08993172645569,245.3870333072385
1561,16.231071713643196,251.05187643768244
1562,17.421157866716385,256.33314309552577
1563,18.86935739943435,262.8644556635305
1564,19.922894682007275,252.35073488271104
1565,14.298284465289978,252.66136042025272
1566,14.101092198020533,281.1426337393896
1567,15.730806016597619,260.15507252704725
1568,19.51740036715924,269.8366819596756
1569,14.459583983391147,285.6092439988947
1570,15.706620417535305,-293.60063575074565
1571,17.973270380578075,267.802737020778
1572,15.041007197530647,29.53286050500256
1573,17.6782931668113,285.7151153790751
1574,17.318949020162542,259.72398583499
1575,18.355074775489893,253.95442690759162
1576,15.958312254853364,247.00085069125169
1577,15.887107064766166,292.69435579722096
1578,16.30182892511906,285.25872422577936
1579,16.25827993108676,295.82250700116185
1580,15.639326717946437,286.63815222946596
1581,16.286098073588477,262.4091849941914
1582,16.886900966152822,268.4268981318315
1583,14.903262895024465,285.6298308037899
1584,16.696777854947484,254.20907935545364
1585,15.725794067814462,254.81124047882594
1586,16.66221405993933,36.83452074750025
1587,14.839454514848674,260.3924044944368
1588,16.0751413420627,238.7861346279856
1589,13.792212942024557,239.73853168683715
1590,14.967554408234435,239.32638223061755
1591,16.595480284249852,263.5502085371395
1592,13.752178588367643,275.89831541896143
1593,16.479192920551178,256.56736190318895
1594,16.43375012817153,274.7514030551776
1595,15.00762652421064,271.7572339959168
1596,15.24055620206369,264.1076754802625
1597,13.619407008348968,261.4166186050581
1598,14.450169728664642,293.54884567358874
1599,13.788129662389808,271.8897515542879
1600,15.43097516839151,173.6117936120653
1601,18.346074635332283,-164.083334752467
1602,17.492934678048385,281.1183704585426
1603,18.06254661262934,280.579290018208
1604,17.996656840947008,256.2524439381755
1605,14.8039196382595,309.89974529348376
1606,15.72603560167589,214.29723631342267
1607,15.856768971443175,6.839862923344785
1608,16.2313014124776,281.4394032015131
1609,9.26774461225632,24.344786664426266
1610,18.869526329435832,272.87640637857515
1611,14.1011274598027,292.4664464465907
1612,21.754779761391028,38.31830791542535
1613,22.77180946284327,268.2597726785322
1614,17.415333398183186,269.45147295138224
1615,17.846822788491068,250.11175389475247
1616,18.261605164292984,-169.07255386884637
1617,17.053867662881878,259.75599328273245
1618,19.69273083795581,286.7128177542771
1619,17.652229745736282,276.70333096881103
1620,13.887035806145933,269.96469975156026
1621,14.040370434145384,262.1227660260661
1622,15.876398201100528,279.0311700243172
1623,11.016054358084997,50.84719096778093
1624,11.965409889303405,286.1284027764117
1625,18.685701373783317,-17.349797822673594
1626,18.745773697892826,263.82241934017577
1627,32.082058958317106,254.10918587786225
1628,17.23762047905635,203.7651482613167
1629,17.267405156616693,219.1699424421082
1630,19.121749232968558,261.1682604881609
1631,11.44461481946374,247.3377314308932
1632,11.242042706807455,257.0481611415797
1633,15.03710525810339,274.88323102215884
1634,12.756796966280255,280.0029613917036
1635,15.926726297593452,251.06763054165899
1636,12.967818255129929,267.4243916349943
1637,13.197941725730896,160.63473190614152
1638,13.084551838901936,275.5160816933268
1639,11.62745522761345,135.4335883850661
1640,11.866183705973725,276.70102092314596
1641,12.152954302221069,219.00945232704797
1642,12.068007653823615,293.16386379854407
1643,12.20791616759742,268.6676325652921
1644,12.460496785277027,299.4108991124163
1645,14.113649859608218,275.46009419219035
1646,12.397982268784176,277.6106415370574
1647,11.29875597112319,253.95502986194913
1648,10.730989440156536,242.0687298987129
1649,13.129292677243551,276.1086096963761
1650,14.450142517661423,209.37074263093052
1651,13.070354205580939,265.89128783448376
1652,12.783323852788834,253.8146530785582
1653,15.370010832535852,286.7881703751521
1654,12.58642461731678,290.479633124834
1655,13.068173103426632,255.794057927069
1656,13.156751223405202,259.8615176820264
1657,11.907472509222153,-172.0116253426553
1658,13.714553873589699,279.8632275595588
1659,12.609451584353845,263.37364165710096
1660,13.390968168435032,276.0089081973097
1661,11.966743279518548,201.11080025301396
1662,14.682506808969709,251.1050149098981
1663,17.04531267734423,-237.38206460086022
1664,13.855859069943428,92.28221901640264
1665,11.527418830213767,283.52696443276915
1666,12.125485177550997,275.0598070468414
1667,13.28818260039483,282.1339621153404
1668,13.296668453036615,262.4698138912579
1669,13.12201381289959,137.0272109959095
1670,12.864943621335206,-40.28223514592665
1671,13.951697049570866,16.661304679912874
1672,16.080276201410992,-80.41581578806006
1673,14.47442477591952,-86.33560799226309
1674,13.87418662498493,263.25326388584176
1675,13.221050392795394,257.8916535951511
1676,11.56338158595562,128.3411525618439
1677,13.47838530603415,246.4297556780322
1678,13.317034778923825,268.6714275273762
1679,11.418788087193983,252.17196037414004
1680,11.981721907479992,-331.9131548383075
1681,20.562831658773472,283.3339358907802
1682,23.039897979899525,265.98614125902816
1683,15.80870209818017,239.22136205138466
1684,20.585262970282482,261.28029533527007
1685,17.87191895114051,269.00639499273603
1686,19.16420603051024,285.6339844771395
1687,18.505539176599036,-58.15532648484635
1688,20.094376497532256,273.1532958731666
1689,17.63854767090429,276.976648916212
1690,19.33852608005206,242.82813190788056
1691,13.070351837303837,293.0333068740608
1692,16.92694096307497,274.3961839407281
1693,12.853777171860278,288.5500433958051
1694,15.521237360444038,277.03338383476444
1695,18.77244305892809,273.06359636072716
1696,14.276524205033372,246.61323994723443
1697,18.089908196528754,253.79820493815214
1698,16.06182707680596,274.4348768055157
1699,17.817315361417574,272.471296229614
1700,16.154892107353934,256.23967557584956
1701,14.314239443540574,-50.957085080867586
1702,13.758677231243679,255.416033204423
1703,12.75767976422853,281.24894805604345
1704,14.097890701889991,263.3816744826423
1705,15.93125510662794,-8.427954214694168
1706,14.156950537092197,230.0587997553725
1707,19.549972342082434,17.54874523906119
1708,15.152012762889056,291.721968081588
1709,17.61890777370386,268.1275040114752
1710,16.158356491327286,165.46318354327622
1711,11.138498524648954,26.093801350809898
1712,15.963525110330337,311.99488475227304
1713,14.85314744987235,263.27203765610386
1714,13.131285898773758,285.3258957318762
1715,17.977511414926347,245.78989846577142
1716,16.21481432179985,256.8431391659021
1717,15.885335959542683,221.27611185807456
1718,13.865649702008238,-83.68920839459174
1719,15.573994101583958,265.5661159614118
1720,20.2756412298712,252.21647252108284
1721,12.734811078857732,278.1567903560224
1722,10.910263727789056,-63.16190371260373
1723,14.27324284172658,262.38265130433956
1724,17.294899952796197,-12.52716588199445
1725,13.106889196236928,276.1309224602453
1726,11.963218348138284,273.8057815311503
1727,13.414169251673506,-132.37943692514315
1728,19.114986830017195,56.4763862339513
1729,13.92617101258245,256.44699700353794
1730,11.926818269055063,30.50296702094721
1731,16.46155781387001,-62.6013527131255
1732,19.879550574200877,-20.97759673982661
1733,17.332874962261744,45.21017710194337
1734,20.15462374392851,-65.2043436844573
1735,21.301506923466192,281.319431355445
1736,18.21611674462468,267.72325237946
1737,12.968820347388585,265.02588267889365
1738,17.04398883207673,282.4731007506541
1739,16.997277762208665,271.182415821494
1740,16.556174365333888,242.0217522488203
1741,16.904530701450273,315.06996427751153
1742,13.627396944385247,262.1438574114065
1743,17.454482191056012,277.98742256971695
1744,14.808107121237393,275.2527842613307
1745,16.020315276503,265.67316564752826
1746,16.10082997973003,306.6170884732286
1747,16.466371581971067,254.3196161679966
1748,18.59851207404301,27.908052155270056
1749,14.150847736031118,-74.09119292670243
1750,15.570134764091641,305.9070960346744
1751,15.063097434223822,272.86888138312577
1752,17.649257719251846,288.65454053094595
1753,18.994311170840483,7.769214683933612
1754,19.56176354186073,265.61499348514565
1755,16.10018704758316,262.75712926453826
1756,15.404708533025369,259.1172829822609
1757,15.310872789104609,313.4444832147509
1758,16.077289884518354,282.9967897512179
1759,18.224685039146838,262.04732953379323
1760,14.812009733362297,257.2361109114172
1761,16.066052846886492,241.3411715210769
1762,17.46834588690892,263.9012237231754
1763,15.45239238094639,285.99975718893654
1764,13.633653126091792,279.88734000821523
1765,14.925778532620543,285.4085739961881
1766,12.458126095404108,278.94973603424785
1767,14.006170465864919,281.62135020469543
1768,13.115051288049198,-32.417590222164534
1769,14.535999635193082,283.7839370665873
1770,13.242508829571307,291.1715416734245
1771,15.788821726063498,249.28912375363674
1772,14.892402120070024,282.63192917920617
1773,12.907011488149333,293.35346041862624
1774,14.53119772922493,261.40803148807777
1775,14.363510376069604,16.22665174861538
1776,16.16016383941129,255.29602256689176
1777,15.115024934049513,273.04354109994955
1778,16.11487809795747,249.63700071441284
1779,15.288983863766722,285.2248804917177
1780,14.790835333772304,224.37068037049812
1781,15.617545598000287,255.00770054530358
1782,15.529855122393613,257.4672450987385
1783,14.977326638517324,269.4600143831603
1784,15.29024961044391,291.06711044465936
1785,15.066428173088028,255.89021156208653
1786,12.810738204112605,255.77886815474398
1787,16.460374556888233,260.71305121248247
1788,15.555676295743352,263.3784774037762
1789,12.699543580412865,-16.856072771534215
1790,15.918050830180828,7.984441585324035
1791,18.468381441434225,268.5869675333433
1792,16.681621895896065,274.58863849670286
1793,16.02196717733717,258.5242078170099
1794,15.054526701936581,276.6142923073252
1795,14.682338061757113,252.39313195463174
1796,14.259681315395419,269.84778611034886
1797,16.612628326859586,271.78391684354375
1798,14.711265007654825,301.46989921194984
1799,17.23386125195594,281.8488346602189
1800,14.807677899452454,244.93564170780965
1801,13.197764175415038,-21.833560916261433
1802,14.058792273589322,262.0521587457922
1803,17.325737304486353,166.048652815784
1804,18.39993011301214,251.68353431317524
1805,19.82138149961462,254.16062080409006
1806,16.073295873696686,10.794210691776087
1807,22.557430927400237,-24.237694725327373
1808,20.765153541221274,-50.96383411718433
1809,21.08804221329142,320.3435659398876
1810,21.02759306754299,287.2312168008881
1811,25.141584999380054,226.3232361738737
1812,22.669756902588738,207.3079460189991
1813,22.66458340343975,257.9236207118479
1814,22.32265942770502,279.35277803820844
1815,21.57002705335617,285.5134612274644
1816,18.42272933696707,249.579754132629
1817,21.827327707846216,250.1786111739456
1818,21.588745718353366,254.71792627955313
1819,20.831852041758022,276.25267802406285
1820,20.603662660188764,287.78599796845583
1821,20.338646724538982,-9.598256320488659
1822,24.34704966210791,282.54868438605126
1823,17.89049039363861,280.75214535249444
1824,19.66032874339666,279.161212435279
1825,23.560677257744043,274.6178292270316
1826,20.545449627046825,276.2903198863889
1827,17.91976539708354,210.0917589819755
1828,19.27951277239939,172.6469050618163
1829,21.999053132614034,275.6964390624435
1830,23.18686684015635,261.0535563167465
1831,23.35078396320343,248.2084132702158
1832,24.024782401801897,-11.967940607742051
1833,25.30315457737964,281.82816777209916
1834,21.531047765016556,110.9062709203104
1835,20.32069847558849,299.37387701104217
1836,15.724734109439208,279.07992429780063
1837,15.026710494359333,-144.9971745337112
1838,17.883478778473876,280.9725831742518
1839,20.51809977728223,285.33113590346784
1840,17.39706871480298,245.24586883783184
1841,16.025275099536646,267.60177339258394
1842,24.12169760236373,1.7384326997078148
1843,19.30864899688297,315.8395048185382
1844,18.8081264539516,249.57558506270033
1845,23.028275025549846,293.0466724707036
1846,14.172040208317767,65.91629507432413
1847,21.707943015728357,273.41977501784373
1848,17.595717919759515,288.5121904064673
1849,17.097188466651872,249.3620719536063
1850,17.144674173466445,283.17960564510514
1851,15.73842438349357,272.0168565686412
1852,17.299468344800612,243.57529151401354
1853,16.51087003702023,238.40635987322895
1854,12.016772915187635,251.17323339451883
1855,17.51233152080985,-2.4230522855013135
1856,16.64041018486023,3.7581982289654263
1857,21.03718231973194,267.1036941530341
1858,13.283268378331112,271.9301940765399
1859,16.71231197990827,267.637334190382
1860,14.449102862472952,286.31914633221623
1861,16.469340470677988,308.8724950255587
1862,18.14510974980364,17.541109093337482
1863,22.065737682491985,228.30187778813053
1864,15.731116047779993,277.53169118064056
1865,15.78377137084802,249.48376658414105
1866,20.16571438723597,227.93666527279223
1867,20.282326244596224,291.94152772446006
1868,24.743889180819192,249.637139286767
1869,17.600618480107723,274.3703899112479
1870,19.938873473161497,261.44283783687047
1871,17.254842808271977,253.8957574507789
1872,20.915376183619866,277.926301097409
1873,17.822345210524166,256.72937523192115
1874,18.54327048100698,220.23138720900693
1875,20.044002293935282,287.93474198700835
1876,16.790723133731532,287.06251502393957
1877,16.380694369915165,143.85115537450434
1878,16.686820432022735,282.5778870901032
1879,21.651735558464196,284.9553640719285
1880,16.251215096177727,247.80508346094993
1881,18.75734076384575,278.0303929693546
1882,17.557994970397857,272.65515197931063
1883,17.829225814842676,252.5185290109258
1884,17.671883999097226,257.5446902687032
1885,20.554706277670682,269.43617771007746
1886,17.43537562199377,248.2884262829692
1887,19.89919864242862,252.9575211435285
1888,18.036316286975687,265.46161965732233
1889,18.067097038508738,-99.79664412992261
1890,17.486903757288836,280.0746103276133
1891,17.31132520398786,211.75142089344524
1892,16.80286857350987,282.6237594346331
1893,17.797059133576184,248.85147518373233
1894,18.32230540672938,289.09428209089447
1895,28.56908080466958,-222.36635501216915
1896,74.01943598763417,-293.09376878764465
1897,53.8242016969056,45.21413636720874
1898,30.72863564956479,281.7674734232203
1899,32.260417801182285,271.02900978590753
1900,33.07876222725062,-116.25470704098413
1901,34.92128664088249,250.54771456750643
1902,26.805775709011975,240.9808865771901
1903,31.12455729643504,-189.28613160689355
1904,34.302512188911436,147.6218530173032
1905,32.77176682373573,280.52229390801915
1906,29.492680228402463,270.1820217702443
1907,22.38181544505264,301.5083889696893
1908,19.28271088392838,268.87641527975956
1909,28.512808272043863,257.6333296290343
1910,21.74552369270081,296.00176597412815
1911,25.955186374259718,282.3408162822317
1912,23.245237606393417,237.31685869233144
1913,19.456300629571427,235.1633395072177
1914,19.13626687681429,232.8594005082603
1915,18.932626269261043,-148.7856746119742
1916,21.915634061979212,-134.21998643258513
1917,27.154657596829292,251.76456420324837
1918,19.102551531791686,274.70129858272696
1919,19.265887446051476,283.8492050066485
1920,17.819933250170795,29.729193087032797
1921,20.824580277925655,42.08949545146518
1922,21.491419558431588,254.62763376003107
1923,19.673019411583102,272.02679324571415
1924,20.303316695349558,245.604793424715
1925,18.398009764237536,255.73940687724885
1926,18.986076945350284,-45.07347039515598
1927,21.88627389012551,27.093065265325833
1928,21.491294645029924,250.49281343702904
1929,19.49460849058628,158.6436007144433
1930,18.31105173270354,-174.2254514830653
1931,16.604364377016214,262.8760011660371
1932,14.730229189794178,236.18851402580506
1933,13.873762545834147,235.02302113052372
1934,14.313818533809817,271.46919028734663
1935,12.417207147764122,2.8583976259900936
1936,12.648474563598633,150.29006222937963
1937,11.677933292729515,256.1575547460498
1938,12.650833323597908,273.33601023777555
1939,13.196003752663023,37.5575840336154
1940,14.176067282870354,294.8957956573406
1941,13.38960004846255,235.46155831995256
1942,14.220335376314722,276.72643566068064
1943,14.578679738817987,273.4611707078024
1944,13.584923985360684,260.27904695743416
1945,15.877514641309523,173.59978217073632
1946,15.913990330553341,274.6323971178745
1947,14.266540879044085,293.8238705928204
1948,14.720884525839658,248.56502006204965
1949,16.253371226962507,-38.21832689966453
1950,17.23299537874618,303.3198640731248
1951,18.711987177711958,255.80487355494586
1952,19.118214598408453,278.35340119317937
1953,15.97682653516531,245.14396633218973
1954,17.971803563933133,289.75805398282984
1955,14.368477871900872,260.83344761663597
1956,16.0560076850617,263.1029982832117
1957,15.350063997891642,-391.7458812428929
1958,15.386494648556749,291.5905287769325
1959,16.285136198475413,281.1050990030413
1960,13.719853394410826,265.7498144626545
1961,16.220423119862875,287.0908254529195
1962,14.062980526846808,272.82651786544153
1963,13.189337338876287,25.324506346209205
1964,13.407542050679524,288.3915496822285
1965,15.592006157937451,256.9660685023781
1966,14.004925852555495,283.50142587521265
1967,13.791993754831227,273.6509547375765
1968,14.967697166900448,233.65001095888806
1969,13.907628438974681,298.0348850008338
1970,15.18481146889245,265.9766212220646
1971,13.877969542789039,279.60187789001577
1972,14.93558568155705,259.45073579324605
1973,14.27171431368242,-555.382410848089
1974,11.021003683901721,254.52258669666537
1975,12.06596711803885,270.7614000330615
1976,14.997610531314727,276.0427158224926
1977,13.610577720971335,260.01314811884356
1978,14.348411476889321,10.319962549350805
1979,16.75930893421173,-140.5121150256959
1980,21.06462092267955,272.6178144120836
1981,17.688018861310237,284.85931907967847
1982,19.059019183480977,256.8772924054692
1983,17.378408546571606,276.14663862434224
1984,13.995833587797382,262.52554730402835
1985,16.211746226463998,-583.6854142336764
1986,24.465975958567398,266.4539697408553
1987,20.611969871352418,-85.27573896695492
1988,16.950276114951784,264.77772753091324
1989,18.18908475863867,282.56468529176743
1990,15.958436246739318,274.7212113329028
1991,14.744610492497275,270.40224643606155
1992,15.474555775582084,304.7346014854552
1993,16.335725336405584,276.0488612331635
1994,16.68582995374178,-182.79182535780174
1995,15.878919035423802,292.4185944433625
1996,15.518005564487238,265.7246740347488
1997,16.20823762850328,273.7652325947054
1998,15.06019179964507,280.2147518823719
1999,15.903994130817326,48.52756609258415
